{
  "roc_auc": 0.9006222222222222,
  "average_precision": 0.9221924177659476,
  "threshold_0.5": {
    "threshold": 0.5,
    "accuracy": 0.805,
    "precision": 0.9552238805970149,
    "recall": 0.64,
    "f1": 0.7664670658682635
  },
  "threshold_tuned": {
    "threshold": 0.185,
    "accuracy": 0.8183333333333334,
    "precision": 0.8281786941580757,
    "recall": 0.8033333333333333,
    "f1": 0.8155668358714044,
    "validation_f1": 0.8369747899159664
  },
  "validation_threshold_search": {
    "grid_min": 0.05,
    "grid_max": 0.95,
    "num_thresholds": 181
  }
}