{
  "best_val_auc": 0.9104444444444444,
  "epoch_of_best_model": 5,
  "number_of_epochs_run": 10,
  "best_checkpoint_path": "/home/toshi/GSoC/checkpoints/sequential/best_model.pt",
  "best_epoch_metrics": {
    "train_loss": 0.3411992961032824,
    "val_loss": 0.4137994468212128,
    "val_auc": 0.9104444444444444
  },
  "final_epoch_metrics": {
    "epoch": 10,
    "train_loss": 0.2605504562908953,
    "val_loss": 0.41588589549064636,
    "val_auc": 0.8994666666666666
  }
}